type,good,bad,time,
full,983,17,22.466645002365112,
low,981,19,3.7212319374084473,
