type,good,bad,time,
full,977,23,209.87009644508362,
low,985,15,6.946051836013794,
