type,good,bad,time,
full,975,25,1905.3217496871948,
low,971,29,19.523687839508057,
