type,good,bad,time,
full,970,30,19713.590639829636,
low,969,31,66.5432641506195,
