type,good,bad,time,
full,988,12,2.555666446685791,
low,993,7,1.209540605545044,
